Energy, Data
9.37848,0
9.72537,0
10.0723,0
10.4193,0
10.7663,0
11.1133,0
11.4604,0
11.8075,0
12.1547,0
12.5019,0
12.8491,0
13.1964,0
13.5437,0
13.8911,0
14.2385,0
14.5859,0
14.9334,0
15.2809,0
15.6284,0
15.976,0
16.3236,0
16.6713,0
17.019,0
17.3667,0
17.7145,0
18.0623,0
18.4102,0
18.758,0
19.106,0
19.4539,0
19.8019,0
20.15,0
20.4981,0
20.8462,0
21.1943,0
21.5425,0
21.8907,0
22.239,0
22.5873,0
22.9357,0
23.2841,0
23.6325,3
23.9809,1
24.3294,0
24.678,2
25.0265,0
25.3752,1
25.7238,1
26.0725,0
26.4212,0
26.77,1
27.1188,1
27.4676,0
27.8165,2
28.1654,2
28.5144,0
28.8634,1
29.2124,1
29.5615,0
29.9106,0
30.2597,2
30.6089,0
30.9582,0
31.3074,1
31.6567,1
32.0061,0
32.3554,1
32.7048,2
33.0543,3
33.4038,5
33.7533,0
34.1029,4
34.4525,3
34.8021,1
35.1518,3
35.5015,1
35.8513,1
36.2011,3
36.5509,3
36.9008,1
37.2507,1
37.6007,7
37.9506,4
38.3007,2
38.6507,1
39.0008,4
39.351,3
39.7012,1
40.0514,8
40.4016,2
40.7519,2
41.1022,5
41.4526,1
41.803,1
42.1535,6
42.504,2
42.8545,5
43.205,5
43.5556,3
43.9063,4
44.2569,9
44.6077,4
44.9584,3
45.3092,7
45.66,6
46.0109,6
46.3618,10
46.7127,9
47.0637,7
47.4147,7
47.7658,4
48.1169,7
48.468,10
48.8192,13
49.1704,7
49.5216,12
49.8729,9
50.2242,12
50.5756,9
50.927,13
51.2784,10
51.6299,12
51.9814,17
52.333,14
52.6846,15
53.0362,11
53.3879,16
53.7396,21
54.0913,21
54.4431,18
54.7949,20
55.1468,23
55.4987,24
55.8506,25
56.2026,31
56.5546,28
56.9066,31
57.2587,36
57.6109,40
57.963,39
58.3152,46
58.6675,75
59.0197,66
59.3721,56
59.7244,61
60.0768,91
60.4292,102
60.7817,140
61.1342,167
61.4868,202
61.8393,211
62.192,253
62.5446,321
62.8973,419
63.25,440
63.6028,516
63.9556,580
64.3085,692
64.6614,765
65.0143,855
65.3673,948
65.7203,990
66.0733,1204
66.4264,1243
66.7795,1440
67.1327,1422
67.4859,1574
67.8391,1720
68.1924,1784
68.5457,1890
68.899,2021
69.2524,2179
69.6058,2248
69.9593,2324
70.3128,2345
70.6663,2480
71.0199,2546
71.3735,2616
71.7272,2608
72.0809,2634
72.4346,2751
72.7883,2714
73.1422,2673
73.496,2707
73.8499,2867
74.2038,2844
74.5578,2907
74.9118,2930
75.2658,2936
75.6199,2967
75.974,2948
76.3281,2912
76.6823,2939
77.0365,2900
77.3908,2975
77.7451,2962
78.0994,2947
78.4538,2874
78.8082,3001
79.1627,3030
79.5172,3155
79.8717,3084
80.2263,3162
80.5809,3293
80.9355,3338
81.2902,3324
81.6449,3447
81.9997,3579
82.3545,3649
82.7093,3651
83.0642,3854
83.4191,3857
83.774,4021
84.129,4134
84.4841,4219
84.8391,4391
85.1942,4315
85.5494,4443
85.9046,4703
86.2598,4694
86.615,4903
86.9703,4902
87.3257,4812
87.681,4849
88.0364,5042
88.3919,4910
88.7474,4967
89.1029,5054
89.4584,4857
89.814,5018
90.1697,4938
90.5254,4869
90.8811,4677
91.2368,4610
91.5926,4660
91.9484,4428
92.3043,4391
92.6602,4423
93.0162,4212
93.3721,4253
93.7282,4050
94.0842,4033
94.4403,3868
94.7964,3756
95.1526,3681
95.5088,3668
95.8651,3576
96.2214,3591
96.5777,3546
96.934,3472
97.2904,3442
97.6469,3348
98.0034,3330
98.3599,3283
98.7164,3321
99.073,3268
99.4296,3121
99.7863,3211
100.143,3195
100.5,3181
100.857,3020
101.213,3016
101.57,2983
101.927,2964
102.284,2895
102.641,2882
102.998,2794
103.355,2766
103.712,2713
104.069,2665
104.426,2604
104.784,2590
105.141,2522
105.498,2460
105.856,2415
106.213,2418
106.57,2246
106.928,2264
107.285,2179
107.643,2188
108,2111
108.358,2152
108.715,2030
109.073,2046
109.431,2001
109.789,2026
110.146,2024
110.504,1991
110.862,1992
111.22,1953
111.578,1986
111.936,1954
112.294,1868
112.652,1954
113.01,1919
113.368,1960
113.726,1928
114.084,1953
114.443,1882
114.801,1817
115.159,1839
115.518,1905
115.876,1931
116.234,1846
116.593,1935
116.951,1886
117.31,1830
117.668,1973
118.027,1921
118.386,1840
118.744,1868
119.103,1889
119.462,1888
119.821,1867
120.18,1944
120.538,1928
120.897,1919
121.256,1872
121.615,1852
121.974,1859
122.333,1947
122.692,1931
123.052,2007
123.411,1874
123.77,1967
124.129,1873
124.489,1933
124.848,1926
125.207,1875
125.567,1864
125.926,1911
126.286,1959
126.645,1916
127.005,1904
127.364,1923
127.724,1874
128.084,1916
128.443,1850
128.803,1935
129.163,1928
129.523,1960
129.883,1853
130.243,1899
130.603,1883
130.963,1901
131.323,1913
131.683,1903
132.043,1887
132.403,1886
132.763,1904
133.123,1932
133.484,1987
133.844,1914
134.204,1982
134.565,1887
134.925,1950
135.285,1989
135.646,1915
136.006,1944
136.367,1883
136.728,1947
137.088,2000
137.449,1925
137.81,2003
138.17,1931
138.531,1956
138.892,1955
139.253,2026
139.614,1959
139.975,1943
140.336,2039
140.697,1961
141.058,2009
141.419,1994
141.78,2036
142.141,1951
142.502,1967
142.864,1971
143.225,2058
143.586,1966
143.948,2030
144.309,2084
144.67,1950
145.032,2061
145.393,1983
145.755,2006
146.117,2025
146.478,2037
146.84,1984
147.202,2019
147.563,1996
147.925,1980
148.287,2070
148.649,1986
149.011,1967
149.373,2050
149.735,1994
150.097,2079
150.459,2064
150.821,1931
151.183,1993
151.545,2084
151.907,1996
152.27,2034
152.632,2025
152.994,2010
153.356,1982
153.719,2013
154.081,2025
154.444,2043
154.806,2075
155.169,2061
155.531,2031
155.894,2006
156.257,2046
156.619,2019
156.982,2031
157.345,2086
157.708,2107
158.071,2136
158.433,2070
158.796,2071
159.159,2137
159.522,2097
159.885,2045
160.249,2095
160.612,2068
160.975,2103
161.338,2033
161.701,2040
162.064,2111
162.428,2124
162.791,2074
163.155,1989
163.518,2075
163.881,2116
164.245,2223
164.608,2099
164.972,2120
165.336,2074
165.699,2055
166.063,2152
166.427,2140
166.791,2069
167.154,2114
167.518,2162
167.882,2065
168.246,2078
168.61,2158
168.974,2016
169.338,2173
169.702,2137
170.066,2204
170.43,2166
170.794,2161
171.159,2086
171.523,2160
171.887,2154
172.252,2068
172.616,2074
172.98,2116
173.345,2174
173.709,2106
174.074,2182
174.438,2143
174.803,2097
175.168,2143
175.532,2142
175.897,2184
176.262,2089
176.627,2110
176.992,2164
177.356,2157
177.721,2199
178.086,2172
178.451,2069
178.816,2284
179.181,2186
179.546,2244
179.912,2170
180.277,2280
180.642,2286
181.007,2238
181.373,2275
181.738,2324
182.103,2353
182.469,2302
182.834,2382
183.2,2309
183.565,2303
183.931,2356
184.296,2374
184.662,2334
185.028,2273
185.393,2327
185.759,2338
186.125,2421
186.491,2412
186.857,2380
187.223,2431
187.588,2432
187.954,2451
188.32,2464
188.687,2556
189.053,2374
189.419,2381
189.785,2522
190.151,2476
190.517,2525
190.884,2519
191.25,2469
191.616,2532
191.983,2614
192.349,2617
192.716,2474
193.082,2639
193.449,2581
193.815,2554
194.182,2698
194.549,2589
194.915,2698
195.282,2591
195.649,2728
196.016,2690
196.383,2685
196.749,2751
197.116,2719
197.483,2823
197.85,2788
198.217,2756
198.585,2756
198.952,2812
199.319,2796
199.686,2891
200.053,2921
200.421,2917
200.788,2959
201.155,2850
201.523,2894
201.89,2859
202.258,2907
202.625,2962
202.993,2992
203.36,3003
203.728,2890
204.095,2976
204.463,2888
204.831,3033
205.199,3009
205.567,3005
205.934,2962
206.302,3136
206.67,2988
207.038,2999
207.406,3045
207.774,2980
208.142,2975
208.51,2921
208.879,3168
209.247,3050
209.615,3097
209.983,3100
210.352,3163
210.72,3146
211.088,3063
211.457,3055
211.825,3138
212.194,3159
212.562,3103
212.931,3123
213.299,3242
213.668,3124
214.037,3169
214.406,3068
214.774,3232
215.143,3171
215.512,3221
215.881,3271
216.25,3230
216.619,3245
216.988,3210
217.357,3212
217.726,3222
218.095,3203
218.464,3238
218.833,3260
219.203,3310
219.572,3163
219.941,3356
220.31,3231
220.68,3260
221.049,3224
221.419,3373
221.788,3336
222.158,3308
222.527,3209
222.897,3239
223.267,3315
223.636,3331
224.006,3289
224.376,3256
224.746,3306
225.115,3455
225.485,3427
225.855,3364
226.225,3392
226.595,3290
226.965,3341
227.335,3329
227.705,3351
228.075,3367
228.446,3372
228.816,3320
229.186,3304
229.556,3448
229.927,3384
230.297,3284
230.668,3306
231.038,3388
231.408,3440
231.779,3454
232.15,3256
232.52,3323
232.891,3384
233.262,3446
233.632,3302
234.003,3254
234.374,3375
234.745,3396
235.115,3297
235.486,3316
235.857,3343
236.228,3307
236.599,3415
236.97,3407
237.341,3321
237.713,3328
238.084,3346
238.455,3278
238.826,3316
239.198,3172
239.569,3361
239.94,3369
240.312,3319
240.683,3341
241.055,3280
241.426,3224
241.798,3411
242.169,3462
242.541,3308
242.913,3136
243.284,3294
243.656,3213
244.028,3243
244.4,3392
244.771,3261
245.143,3324
245.515,3231
245.887,3232
246.259,3259
246.631,3311
247.003,3312
247.376,3289
247.748,3296
248.12,3205
248.492,3207
248.864,3194
249.237,3281
249.609,3143
249.982,3273
250.354,3218
250.726,3268
251.099,3214
251.472,3165
251.844,3299
252.217,3219
252.589,3180
252.962,3161
253.335,3201
253.708,3172
254.08,3207
254.453,3132
254.826,3156
255.199,3221
255.572,3254
255.945,3298
256.318,3215
256.691,3145
257.064,3153
257.438,3236
257.811,3163
258.184,3222
258.557,3116
258.931,3121
259.304,3122
259.677,3136
260.051,3145
260.424,3142
260.798,3107
261.171,3049
261.545,3081
261.918,3165
262.292,3173
262.666,3082
263.04,3012
263.413,3290
263.787,3050
264.161,3045
264.535,3063
264.909,3164
265.283,3061
265.657,3247
266.031,3139
266.405,3107
266.779,3133
267.153,3080
267.527,3128
267.902,3143
268.276,3161
268.65,2930
269.024,2995
269.399,3003
269.773,2956
270.148,3032
270.522,3004
270.897,3110
271.271,3076
271.646,2941
272.021,2991
272.395,2882
272.77,3066
273.145,2911
273.52,2896
273.894,3010
274.269,2868
274.644,2962
275.019,2918
275.394,2920
275.769,2890
276.144,2962
276.519,2935
276.894,2863
277.27,2900
277.645,2892
278.02,2907
278.395,2977
278.771,2836
279.146,3038
279.522,2909
279.897,2874
280.272,2863
280.648,2865
281.024,2918
281.399,2787
281.775,2948
282.151,2790
282.526,2822
282.902,2840
283.278,2833
283.654,2823
284.029,2854
284.405,2726
284.781,2828
285.157,2844
285.533,2894
285.909,2818
286.286,2763
286.662,2717
287.038,2701
287.414,2704
287.79,2726
288.167,2751
288.543,2861
288.919,2721
289.296,2744
289.672,2796
290.049,2772
290.425,2779
290.802,2775
291.178,2882
291.555,2710
291.932,2736
292.308,2773
292.685,2715
293.062,2718
293.439,2602
293.816,2734
294.192,2660
294.569,2756
294.946,2720
295.323,2646
295.7,2662
296.078,2717
296.455,2650
296.832,2730
297.209,2676
297.586,2663
297.964,2638
298.341,2666
298.718,2577
299.096,2734
299.473,2637
299.851,2720
300.228,2550
300.606,2534
300.983,2662
301.361,2650
301.738,2626
302.116,2659
302.494,2566
302.872,2570
303.25,2565
303.627,2549
304.005,2650
304.383,2519
304.761,2678
305.139,2636
305.517,2537
305.895,2600
306.273,2609
306.652,2518
307.03,2551
307.408,2530
307.786,2580
308.165,2517
308.543,2556
308.921,2484
309.3,2438
309.678,2491
310.057,2517
310.435,2486
310.814,2590
311.193,2452
311.571,2547
311.95,2607
312.329,2475
312.707,2486
313.086,2466
313.465,2441
313.844,2434
314.223,2458
314.602,2465
314.981,2521
315.36,2594
315.739,2417
316.118,2527
316.497,2472
316.876,2485
317.256,2447
317.635,2506
318.014,2494
318.394,2322
318.773,2454
319.152,2472
319.532,2425
319.911,2430
320.291,2488
320.67,2377
321.05,2434
321.43,2324
321.809,2311
322.189,2382
322.569,2371
322.949,2405
323.329,2410
323.708,2338
324.088,2375
324.468,2480
324.848,2356
325.228,2336
325.608,2367
325.988,2366
326.369,2359
326.749,2361
327.129,2321
327.509,2294
327.89,2391
328.27,2344
328.65,2320
329.031,2229
329.411,2319
329.792,2332
330.172,2244
330.553,2348
330.933,2239
331.314,2288
331.695,2265
332.075,2302
332.456,2275
332.837,2277
333.218,2272
333.599,2313
333.98,2263
334.361,2353
334.741,2285
335.123,2215
335.504,2359
335.885,2148
336.266,2274
336.647,2237
337.028,2213
337.409,2275
337.791,2265
338.172,2236
338.553,2101
338.935,2222
339.316,2280
339.698,2170
340.079,2228
340.461,2204
340.842,2270
341.224,2245
341.606,2165
341.987,2214
342.369,2191
342.751,2205
343.133,2167
343.515,2280
343.897,2260
344.279,2167
344.661,2187
345.043,2108
345.425,2129
345.807,2202
346.189,2167
346.571,2154
346.953,2139
347.335,2190
347.718,2184
348.1,2161
348.482,2173
348.865,2215
349.247,2136
349.63,2140
350.012,2190
350.395,2228
350.777,2109
351.16,2193
351.543,2178
351.925,2125
352.308,2092
352.691,2082
353.074,2123
353.457,2082
353.84,2107
354.222,2161
354.605,2146
354.988,2137
355.371,2127
355.755,2152
356.138,2170
356.521,2156
356.904,2118
357.287,2101
357.671,2125
358.054,2061
358.437,2184
358.821,2116
359.204,2125
359.588,2111
359.971,2166
360.355,2065
360.738,2134
361.122,2089
361.505,2149
361.889,2146
362.273,2074
362.657,2087
363.04,2178
363.424,2066
363.808,2117
364.192,2082
364.576,2105
364.96,2094
365.344,2111
365.728,2052
366.112,2081
366.496,2111
366.881,2068
367.265,1994
367.649,2076
368.033,2091
368.418,2075
368.802,2102
369.187,2100
369.571,1977
369.956,2019
370.34,2019
370.725,2173
371.109,2054
371.494,1991
371.879,2064
372.263,2069
372.648,2077
373.033,2119
373.418,2010
373.803,2064
374.188,2059
374.573,2081
374.958,2092
375.343,1975
375.728,2013
376.113,2102
376.498,2091
376.883,2011
377.268,2009
377.654,1997
378.039,2085
378.424,2080
378.81,2141
379.195,2042
379.58,2079
379.966,1991
380.351,2036
380.737,2061
381.123,2038
381.508,2033
381.894,2022
382.28,2015
382.665,2079
383.051,1946
383.437,1978
383.823,2031
384.209,1999
384.595,2027
384.981,2083
385.367,1992
385.753,2081
386.139,2019
386.525,2045
386.911,2064
387.298,2138
387.684,2057
388.07,2088
388.456,2040
388.843,2093
389.229,2076
389.616,2051
390.002,2015
390.389,2027
390.775,2071
391.162,2068
391.548,2126
391.935,1995
392.322,2043
392.709,1948
393.095,2141
393.482,2089
393.869,2025
394.256,1975
394.643,2037
395.03,2122
395.417,2100
395.804,2059
396.191,2139
396.578,2025
396.965,2024
397.353,2090
397.74,2107
398.127,2084
398.514,2049
398.902,2063
399.289,2088
399.677,2035
400.064,2038
400.452,2080
400.839,2088
401.227,2077
401.614,2028
402.002,2076
402.39,2104
402.778,2057
403.165,2056
403.553,2052
403.941,2031
404.329,2014
404.717,2043
405.105,2152
405.493,2075
405.881,2069
406.269,2083
406.657,2165
407.045,2056
407.433,2179
407.822,2131
408.21,2185
408.598,2008
408.987,2148
409.375,2088
409.763,2030
410.152,2109
410.54,2075
410.929,2123
411.318,2173
411.706,2128
412.095,2085
412.484,2143
412.872,2130
413.261,2072
413.65,2088
414.039,2143
414.428,2073
414.817,2161
415.205,2148
415.594,2056
415.984,2028
416.373,2073
416.762,2090
417.151,2148
417.54,2097
417.929,2149
418.319,2074
418.708,2236
419.097,2178
419.487,2093
419.876,2095
420.266,2190
420.655,2053
421.045,2169
421.434,2184
421.824,2078
422.213,2138
422.603,2142
422.993,2089
423.383,2248
423.772,2086
424.162,2075
424.552,2106
424.942,2079
425.332,2089
425.722,2177
426.112,2210
426.502,2100
426.892,2096
427.282,2238
427.673,2178
428.063,2121
428.453,2207
428.843,2173
429.234,2138
429.624,2070
430.014,2049
430.405,2057
430.795,2181
431.186,2161
431.577,2134
431.967,2151
432.358,2177
432.748,2074
433.139,2150
433.53,2101
433.921,2097
434.312,2146
434.702,2074
435.093,2186
435.484,2097
435.875,2052
436.266,2026
436.657,2078
437.048,2109
437.44,2101
437.831,2153
438.222,2016
438.613,2128
439.005,2072
439.396,2088
439.787,2104
440.179,2013
440.57,2001
440.962,2080
441.353,2082
441.745,1985
442.136,2064
442.528,2021
442.92,1996
443.311,1913
443.703,1974
444.095,1989
444.487,2031
444.879,1980
445.27,2023
445.662,1992
446.054,2015
446.446,1975
446.838,1871
447.231,1995
447.623,1977
448.015,1903
448.407,1932
448.799,1954
449.192,1837
449.584,1856
449.976,1852
450.369,1904
450.761,1777
451.154,1825
451.546,1791
451.939,1772
452.331,1895
452.724,1810
453.117,1830
453.509,1778
453.902,1721
454.295,1725
454.688,1715
455.081,1702
455.473,1695
455.866,1711
456.259,1642
456.652,1628
457.045,1725
457.438,1608
457.832,1590
458.225,1617
458.618,1612
459.011,1608
459.404,1609
459.798,1542
460.191,1517
460.585,1534
460.978,1600
461.371,1531
461.765,1452
462.159,1503
462.552,1471
462.946,1483
463.339,1424
463.733,1439
464.127,1366
464.521,1414
464.914,1394
465.308,1314
465.702,1377
466.096,1318
466.49,1302
466.884,1259
467.278,1283
467.672,1217
468.066,1228
468.46,1229
468.855,1230
469.249,1243
469.643,1230
470.037,1188
470.432,1202
470.826,1179
471.221,1190
471.615,1110
472.01,1111
472.404,1107
472.799,1096
473.193,1060
473.588,1112
473.983,1104
474.377,1010
474.772,1086
475.167,1051
475.562,1012
475.957,1054
476.352,1020
476.747,1019
477.142,992
477.537,1028
477.932,964
478.327,938
478.722,988
479.117,978
479.512,948
479.908,947
480.303,954
480.698,884
481.094,908
481.489,859
481.885,877
482.28,853
482.676,896
483.071,843
483.467,827
483.862,852
484.258,837
484.654,831
485.05,813
485.445,881
485.841,846
486.237,818
486.633,889
487.029,776
487.425,856
487.821,819
488.217,767
488.613,715
489.009,685
489.405,738
489.802,790
490.198,794
490.594,703
490.991,814
491.387,733
491.783,780
492.18,745
492.576,770
492.973,718
493.369,709
493.766,733
494.163,723
494.559,682
494.956,725
495.353,697
495.75,650
496.146,706
496.543,660
496.94,711
497.337,660
497.734,650
498.131,722
498.528,688
498.925,651
499.322,648
499.72,635
500.117,629
500.514,669
500.911,640
501.309,614
501.706,600
502.103,612
502.501,615
502.898,614
503.296,648
503.693,590
504.091,622
504.489,574
504.886,638
505.284,609
505.682,626
506.079,605
506.477,611
506.875,557
507.273,610
507.671,565
508.069,581
508.467,552
508.865,596
509.263,562
509.661,599
510.059,586
510.458,554
510.856,529
511.254,549
511.652,561
512.051,530
512.449,553
512.848,551
513.246,500
513.645,499
514.043,495
514.442,543
514.84,559
515.239,494
515.638,547
516.036,540
516.435,515
516.834,500
517.233,520
517.632,558
518.031,516
518.43,502
518.829,522
519.228,509
519.627,525
520.026,490
520.425,486
520.824,492
521.224,472
521.623,479
522.022,487
522.422,481
522.821,471
523.22,519
523.62,501
524.019,473
524.419,479
524.818,492
525.218,458
525.618,481
526.017,498
526.417,459
526.817,476
527.217,454
527.617,451
528.016,460
528.416,446
528.816,456
529.216,442
529.616,446
530.016,465
530.417,425
530.817,459
531.217,437
531.617,463
532.017,457
532.418,442
532.818,420
533.218,437
533.619,427
534.019,429
534.42,485
534.82,434
535.221,457
535.621,469
536.022,418
536.423,412
536.824,434
537.224,426
537.625,444
538.026,406
538.427,422
538.828,414
539.229,400
539.63,391
540.031,421
540.432,438
540.833,401
541.234,455
541.635,438
542.036,413
542.438,394
542.839,420
543.24,395
543.642,409
544.043,407
544.445,385
544.846,404
545.248,420
545.649,419
546.051,393
546.452,406
546.854,355
547.256,423
547.658,372
548.059,388
548.461,413
548.863,385
549.265,389
549.667,395
550.069,416
550.471,375
550.873,424
551.275,368
551.677,376
552.079,411
552.482,372
552.884,340
553.286,388
553.688,364
554.091,385
554.493,393
554.896,402
555.298,406
555.701,373
556.103,383
556.506,381
556.908,361
557.311,372
557.714,376
558.117,374
558.519,396
558.922,404
559.325,413
559.728,387
560.131,397
560.534,390
560.937,373
561.34,336
561.743,357
562.146,368
562.549,357
562.952,385
563.356,375
563.759,368
564.162,365
564.566,359
564.969,335
565.372,378
565.776,360
566.18,378
566.583,339
566.987,350
567.39,357
567.794,375
568.198,364
568.601,347
569.005,365
569.409,379
569.813,371
570.217,359
570.621,396
571.025,324
571.429,364
571.833,337
572.237,349
572.641,318
573.045,372
573.449,402
573.853,358
574.258,356
574.662,377
575.066,384
575.471,351
575.875,365
576.28,357
576.684,346
577.089,355
577.493,334
577.898,355
578.303,342
578.707,348
579.112,379
579.517,368
579.922,369
580.326,381
580.731,315
581.136,361
581.541,383
581.946,306
582.351,317
582.756,364
583.161,327
583.567,374
583.972,313
584.377,351
584.782,365
585.188,344
585.593,310
585.998,341
586.404,363
586.809,372
587.215,331
587.62,347
588.026,341
588.431,360
588.837,370
589.243,380
589.648,353
590.054,361
590.46,366
590.866,395
591.272,377
591.678,357
592.084,364
592.49,371
592.896,383
593.302,387
593.708,377
594.114,367
594.52,383
594.926,371
595.333,420
595.739,369
596.145,408
596.552,393
596.958,389
597.364,390
597.771,395
598.177,379
598.584,449
598.991,434
599.397,454
599.804,425
600.211,438
600.617,444
601.024,447
601.431,482
601.838,448
602.245,517
602.652,515
603.059,439
603.466,501
603.873,540
604.28,545
604.687,550
605.094,571
605.502,597
605.909,597
606.316,610
606.723,669
607.131,627
607.538,651
607.946,700
608.353,704
608.761,737
609.168,771
609.576,742
609.983,811
610.391,770
610.799,894
611.206,858
611.614,847
612.022,912
612.43,954
612.838,1009
613.246,1004
613.654,1044
614.062,1074
614.47,1178
614.878,1187
615.286,1217
615.694,1290
616.102,1259
616.511,1350
616.919,1430
617.327,1421
617.736,1487
618.144,1578
618.552,1653
618.961,1631
619.37,1807
619.778,1788
620.187,1852
620.595,1930
621.004,1988
621.413,2080
621.821,2118
622.23,2154
622.639,2251
623.048,2111
623.457,2312
623.866,2483
624.275,2641
624.684,2648
625.093,2781
625.502,2791
625.911,3000
626.32,2976
626.729,3164
627.138,3256
627.548,3264
627.957,3355
628.366,3570
628.776,3736
629.185,3718
629.595,3960
630.004,3902
630.414,4150
630.823,4231
631.233,4311
631.643,4434
632.052,4660
632.462,4706
632.872,4771
633.282,4990
633.691,5137
634.101,5259
634.511,5387
634.921,5397
635.331,5579
635.741,5798
636.151,5954
636.561,6096
636.972,6260
637.382,6421
637.792,6521
638.202,6587
638.613,6918
639.023,7156
639.433,7076
639.844,7271
640.254,7341
640.665,7657
641.075,7640
641.486,7957
641.896,8078
642.307,8397
642.718,8428
643.128,8480
643.539,8788
643.95,8864
644.361,9038
644.772,9134
645.183,9308
645.594,9494
646.005,9613
646.416,9743
646.827,9929
647.238,10187
647.649,10196
648.06,10390
648.471,10402
648.883,10646
649.294,10830
649.705,10762
650.117,11175
650.528,11243
650.94,11328
651.351,11313
651.763,11467
652.174,11641
652.586,11613
652.997,11842
653.409,11813
653.821,11892
654.233,12218
654.644,12289
655.056,12308
655.468,12344
655.88,12322
656.292,12545
656.704,12510
657.116,12559
657.528,12584
657.94,12434
658.352,12966
658.764,13156
659.177,12858
659.589,12818
660.001,12826
660.413,12992
660.826,12867
661.238,12864
661.651,13028
662.063,12841
662.476,12903
662.888,13007
663.301,12780
663.714,12828
664.126,12893
664.539,12789
664.952,12697
665.364,12552
665.777,12695
666.19,12515
666.603,12432
667.016,12396
667.429,12507
667.842,12295
668.255,12075
668.668,12087
669.081,12154
669.494,11797
669.908,11844
670.321,11799
670.734,11781
671.147,11502
671.561,11528
671.974,11376
672.388,11103
672.801,11140
673.215,10972
673.628,10962
674.042,10673
674.455,10415
674.869,10317
675.283,10105
675.697,10070
676.11,9822
676.524,9566
676.938,9551
677.352,9432
677.766,9487
678.18,9141
678.594,9112
679.008,8927
679.422,8630
679.836,8480
680.25,8317
680.664,8027
681.079,8155
681.493,7851
681.907,7651
682.322,7446
682.736,7333
683.15,7218
683.565,7166
683.979,6893
684.394,6718
684.808,6525
685.223,6282
685.638,6176
686.052,5996
686.467,5892
686.882,5788
687.297,5685
687.712,5541
688.127,5268
688.541,5225
688.956,4984
689.371,4824
689.786,4641
690.202,4623
690.617,4603
691.032,4321
691.447,4298
691.862,3884
692.277,3925
692.693,3980
693.108,3641
693.524,3458
693.939,3472
694.354,3265
694.77,3163
695.185,3114
695.601,2982
696.017,2777
696.432,2659
696.848,2700
697.264,2552
697.679,2444
698.095,2374
698.511,2272
698.927,2229
699.343,2040
699.759,1970
700.175,1924
700.591,1873
701.007,1810
701.423,1660
701.839,1595
702.255,1473
702.672,1511
703.088,1451
703.504,1324
703.921,1276
704.337,1317
704.753,1251
705.17,1143
705.586,1120
706.003,1091
706.419,1047
706.836,941
707.253,924
707.669,836
708.086,828
708.503,763
708.92,713
709.336,688
709.753,699
710.17,665
710.587,627
711.004,596
711.421,546
711.838,498
712.255,504
712.672,457
713.09,478
713.507,434
713.924,420
714.341,373
714.759,341
715.176,364
715.594,334
716.011,308
716.428,317
716.846,272
717.263,259
717.681,242
718.099,236
718.516,239
718.934,229
719.352,201
719.77,189
720.188,196
720.605,163
721.023,165
721.441,136
721.859,147
722.277,122
722.695,126
723.113,113
723.531,101
723.95,108
724.368,113
724.786,80
725.204,74
725.623,79
726.041,81
726.459,69
726.878,72
727.296,66
727.715,69
728.133,57
728.552,59
728.971,57
729.389,60
729.808,47
730.227,37
730.646,33
731.064,42
731.483,40
731.902,48
732.321,35
732.74,32
733.159,39
733.578,40
733.997,39
734.416,30
734.836,22
735.255,44
735.674,19
736.093,25
736.513,23
736.932,21
737.351,23
737.771,27
738.19,30
738.61,19
739.029,24
739.449,23
739.868,23
740.288,18
740.708,14
741.128,20
741.547,23
741.967,14
742.387,10
742.807,15
743.227,14
743.647,17
744.067,17
744.487,10
744.907,14
745.327,11
745.747,13
746.167,8
746.588,19
747.008,19
747.428,20
747.849,15
748.269,13
748.689,14
749.11,13
749.53,11
749.951,7
750.371,10
750.792,14
751.213,10
751.633,18
752.054,15
752.475,16
752.896,9
753.316,10
753.737,13
754.158,9
754.579,16
755,11
755.421,13
755.842,13
756.263,17
756.685,14
757.106,11
757.527,9
757.948,14
758.37,8
758.791,17
759.212,10
759.634,16
760.055,10
760.477,12
760.898,11
761.32,14
761.741,12
762.163,15
762.585,17
763.006,12
763.428,19
763.85,11
764.272,7
764.694,13
765.116,7
765.538,10
765.96,14
766.382,18
766.804,8
767.226,13
767.648,17
768.07,14
768.492,15
768.914,15
769.337,8
769.759,17
770.182,16
770.604,9
771.026,5
771.449,10
771.871,16
772.294,11
772.716,12
773.139,21
773.562,12
773.985,18
774.407,14
774.83,14
775.253,11
775.676,5
776.099,14
776.522,10
776.945,11
777.368,10
777.791,10
778.214,5
778.637,15
779.06,13
779.483,17
779.907,11
780.33,10
780.753,18
781.177,16
781.6,18
782.023,12
782.447,15
782.87,9
783.294,13
783.717,13
784.141,20
784.565,14
784.989,17
785.412,15
785.836,18
786.26,23
786.684,8
787.108,10
787.532,3
787.956,12
788.38,7
788.804,12
789.228,10
789.652,10
790.076,11
790.5,11
790.924,17
791.349,9
791.773,11
792.197,16
792.622,18
793.046,10
793.471,13
793.895,12
794.32,15
794.744,10
795.169,9
795.594,11
796.018,7
796.443,14
796.868,9
797.293,11
797.717,10
798.142,12
798.567,14
798.992,10
799.417,15
799.842,6
800.267,7
800.692,12
801.118,13
801.543,18
801.968,12
802.393,14
802.819,12
803.244,4
803.669,15
804.095,4
804.52,12
804.946,7
805.371,12
805.797,7
806.222,13
806.648,8
807.074,6
807.5,7
807.925,12
808.351,5
808.777,12
809.203,12
809.629,12
810.055,5
810.481,16
810.907,7
811.333,5
811.759,6
812.185,10
812.611,14
813.038,7
813.464,6
813.89,9
814.316,11
814.743,7
815.169,5
815.596,9
816.022,3
816.449,10
816.875,8
817.302,6
817.729,8
818.155,6
818.582,7
819.009,8
819.435,10
819.862,6
820.289,11
820.716,8
821.143,8
821.57,5
821.997,4
822.424,9
822.851,4
823.278,2
823.706,8
824.133,11
824.56,10
824.987,5
825.415,12
825.842,5
826.269,5
826.697,8
827.124,4
827.552,6
827.979,10
828.407,12
828.835,5
829.262,11
829.69,8
830.118,10
830.546,8
830.974,8
831.401,6
831.829,8
832.257,11
832.685,2
833.113,3
833.541,9
833.969,10
834.397,6
834.826,6
835.254,8
835.682,4
836.11,8
836.539,8
836.967,5
837.396,5
837.824,1
838.252,8
838.681,17
839.109,6
839.538,7
839.967,4
840.395,3
840.824,2
841.253,6
841.682,2
842.11,4
842.539,7
842.968,2
843.397,9
843.826,3
844.255,4
844.684,5
845.113,3
845.542,4
845.972,5
846.401,4
846.83,1
847.259,3
847.689,10
848.118,8
848.547,6
848.977,3
849.406,3
849.836,3
850.265,5
850.695,10
851.125,6
851.554,7
851.984,9
852.414,4
852.843,7
853.273,6
853.703,5
854.133,6
854.563,7
854.993,5
855.423,2
855.853,7
856.283,3
856.713,7
857.143,3
857.573,5
858.004,6
858.434,5
858.864,9
859.295,3
859.725,4
860.155,7
860.586,3
861.016,6
861.447,3
861.878,6
862.308,4
862.739,4
863.169,1
863.6,3
864.031,8
864.462,3
864.893,6
865.324,10
865.754,4
866.185,5
866.616,3
867.047,4
867.479,7
867.91,11
868.341,11
868.772,3
869.203,5
869.634,7
870.066,5
870.497,5
870.928,9
871.36,8
871.791,2
872.223,1
872.654,5
873.086,2
873.518,2
873.949,2
874.381,4
874.813,3
875.244,5
875.676,2
876.108,5
876.54,4
876.972,3
877.404,6
877.836,1
878.268,2
878.7,6
879.132,5
879.564,6
879.996,1
880.428,5
880.861,6
881.293,5
881.725,3
882.158,2
882.59,4
883.023,4
883.455,6
883.888,2
884.32,5
884.753,5
885.185,4
885.618,6
886.051,2
886.484,3
886.916,9
887.349,4
887.782,4
888.215,4
888.648,2
889.081,5
889.514,4
889.947,6
890.38,11
890.813,0
891.246,6
891.68,2
892.113,4
892.546,5
892.979,9
893.413,4
893.846,4
894.28,3
894.713,2
895.147,3
895.58,0
896.014,2
896.447,5
896.881,5
897.315,3
897.749,3
898.182,3
898.616,5
899.05,4
899.484,6
899.918,5
900.352,4
900.786,4
901.22,1
901.654,2
902.088,3
902.522,6
902.957,5
903.391,4
903.825,2
904.259,5
904.694,3
905.128,2
905.563,3
905.997,3
906.432,2
906.866,1
907.301,5
907.735,1
908.17,2
908.605,3
909.039,2
909.474,2
909.909,5
910.344,3
910.779,3
911.214,2
911.649,5
912.084,1
912.519,4
912.954,6
913.389,3
913.824,6
914.259,3
914.694,6
915.13,2
915.565,7
916,4
916.436,5
916.871,8
917.307,4
917.742,3
918.178,4
918.613,3
919.049,1
919.485,3
919.92,8
920.356,1
920.792,2
921.228,3
921.663,8
922.099,4
922.535,8
922.971,5
923.407,7
923.843,5
924.279,4
924.715,6
925.152,2
925.588,6
926.024,2
926.46,3
926.897,2
927.333,3
927.769,3
928.206,3
928.642,4
929.079,1
929.515,3
929.952,1
930.388,4
930.825,1
931.262,1
931.698,3
932.135,3
932.572,2
933.009,4
933.446,5
933.883,1
934.32,2
934.757,5
935.194,3
935.631,2
936.068,3
936.505,2
936.942,1
937.379,2
937.817,2
938.254,5
938.691,2
939.129,1
939.566,0
940.003,3
940.441,5
940.878,5
941.316,3
941.754,1
942.191,6
942.629,2
943.067,0
943.504,6
943.942,3
944.38,7
944.818,2
945.256,3
945.694,0
946.132,3
946.57,0
947.008,2
947.446,4
947.884,2
948.322,6
948.76,2
949.199,5
949.637,7
950.075,6
950.514,7
950.952,3
951.391,3
951.829,3
952.268,3
952.706,3
953.145,5
953.583,2
954.022,1
954.461,3
954.899,1
955.338,3
955.777,1
956.216,6
956.655,1
957.094,1
957.533,2
957.972,1
958.411,1
958.85,3
959.289,3
959.728,4
960.167,4
960.607,2
961.046,3
961.485,3
961.925,4
962.364,1
962.803,4
963.243,2
963.682,6
964.122,1
964.562,3
965.001,1
965.441,6
965.881,2
966.32,0
966.76,4
967.2,6
967.64,7
968.08,3
968.52,3
968.96,3
969.4,4
969.84,2
970.28,1
970.72,1
971.16,2
971.6,3
972.04,3
972.481,2
972.921,1
973.361,2
973.802,7
974.242,0
974.683,3
975.123,1
975.564,8
976.004,1
976.445,1
976.886,2
977.326,2
977.767,0
978.208,0
978.649,1
979.089,1
979.53,2
979.971,1
980.412,6
980.853,1
981.294,4
981.735,2
982.176,3
982.618,2
983.059,4
983.5,3
983.941,2
984.383,2
984.824,0
985.265,3
985.707,0
986.148,0
986.59,0
987.031,3
987.473,3
987.914,1
988.356,6
988.798,1
989.239,4
989.681,1
990.123,6
990.565,2
991.007,4
991.449,3
991.891,3
992.333,5
992.775,3
993.217,3
993.659,4
994.101,4
994.543,3
994.985,1
995.428,3
995.87,2
996.312,4
996.755,1
997.197,2
997.639,4
998.082,1
998.524,2
998.967,3
999.41,3
999.852,3
1000.29,2
1000.74,1
1001.18,4
1001.62,7
1002.07,1
1002.51,0
1002.95,2
1003.39,2
1003.84,3
1004.28,0
1004.72,1
1005.17,1
1005.61,4
1006.05,2
1006.5,2
1006.94,3
1007.38,3
1007.83,3
1008.27,3
1008.71,4
1009.16,1
1009.6,0
1010.04,3
1010.49,0
1010.93,3
1011.37,2
1011.82,3
1012.26,3
1012.71,1
1013.15,3
1013.59,3
1014.04,0
1014.48,1
1014.92,4
1015.37,1
1015.81,1
1016.26,0
1016.7,4
1017.15,2
1017.59,2
1018.03,0
1018.48,1
1018.92,4
1019.37,0
1019.81,3
1020.26,1
1020.7,3
1021.14,2
1021.59,3
1022.03,0
1022.48,3
1022.92,1
1023.37,4
1023.81,1
1024.26,3
1024.7,1
1025.15,0
1025.59,1
1026.04,2
1026.48,0
1026.93,1
1027.37,1
1027.82,1
1028.26,1
1028.71,2
1029.15,2
1029.6,2
1030.04,4
1030.49,1
1030.93,1
1031.38,2
1031.82,2
1032.27,0
1032.71,2
1033.16,1
1033.6,2
1034.05,3
1034.5,3
1034.94,1
1035.39,1
1035.83,1
1036.28,4
1036.72,1
1037.17,0
1037.62,1
1038.06,4
1038.51,1
1038.95,0
1039.4,2
1039.85,3
1040.29,0
1040.74,0
1041.18,4
1041.63,3
1042.08,2
1042.52,4
1042.97,1
1043.42,1
1043.86,1
1044.31,0
1044.76,4
1045.2,6
1045.65,3
1046.1,0
1046.54,1
1046.99,2
1047.44,2
1047.88,1
1048.33,2
1048.78,1
1049.22,2
1049.67,2
1050.12,0
1050.56,1
1051.01,0
1051.46,3
1051.9,2
1052.35,0
1052.8,1
1053.25,1
1053.69,0
1054.14,3
1054.59,3
1055.04,2
1055.48,1
1055.93,0
1056.38,2
1056.83,2
1057.27,1
1057.72,3
1058.17,1
1058.62,3
1059.06,3
1059.51,2
1059.96,1
1060.41,2
1060.86,0
1061.3,0
1061.75,4
1062.2,2
1062.65,2
1063.1,1
1063.54,4
1063.99,1
1064.44,1
1064.89,0
1065.34,2
1065.78,1
1066.23,3
1066.68,2
1067.13,1
1067.58,1
1068.03,4
1068.47,1
1068.92,1
1069.37,1
1069.82,2
1070.27,0
1070.72,1
1071.17,2
1071.62,1
1072.06,1
1072.51,1
1072.96,1
1073.41,0
1073.86,4
1074.31,2
1074.76,1
1075.21,2
1075.66,3
1076.11,0
1076.55,1
1077,0
1077.45,3
1077.9,1
1078.35,4
1078.8,1
1079.25,0
1079.7,3
1080.15,4
1080.6,3
1081.05,0
1081.5,2
1081.95,0
1082.4,2
1082.85,0
1083.3,3
1083.75,0
1084.2,2
1084.65,2
1085.1,2
1085.55,3
1086,3
1086.45,1
1086.9,0
1087.35,0
1087.8,1
1088.25,1
1088.7,1
1089.15,1
1089.6,4
1090.05,0
1090.5,0
1090.95,3
1091.4,2
1091.85,2
1092.3,0
1092.75,1
1093.2,2
1093.65,0
1094.1,3
1094.55,0
1095.01,0
1095.46,2
1095.91,2
1096.36,2
1096.81,1
1097.26,2
1097.71,2
1098.16,0
1098.61,0
1099.06,0
1099.51,1
1099.97,1
1100.42,2
1100.87,1
1101.32,0
1101.77,1
1102.22,1
1102.67,1
1103.13,1
1103.58,1
1104.03,0
1104.48,2
1104.93,0
1105.38,2
1105.84,0
1106.29,0
1106.74,0
1107.19,3
1107.64,0
1108.09,0
1108.55,1
1109,0
1109.45,0
1109.9,1
1110.35,0
1110.81,0
1111.26,1
1111.71,0
1112.16,1
1112.61,0
1113.07,0
1113.52,0
1113.97,0
1114.42,0
1114.88,0
1115.33,0
1115.78,0
1116.23,0
1116.69,0
1117.14,0
1117.59,0
1118.05,0
1118.5,1
1118.95,0
1119.4,0
1119.86,0
1120.31,0
1120.76,0
1121.22,0
1121.67,0
1122.12,0
1122.57,0
1123.03,0
1123.48,0
1123.93,0
1124.39,0
1124.84,0
1125.29,0
1125.75,0
1126.2,0
1126.65,0
1127.11,0
1127.56,0
1128.01,0
1128.47,0
1128.92,0
1129.38,0
1129.83,0
1130.28,0
1130.74,0
1131.19,0
1131.64,0
1132.1,0
1132.55,0
1133.01,0
1133.46,0
1133.91,0
1134.37,0
1134.82,0
1135.28,0
1135.73,0
1136.19,0
1136.64,0
1137.09,0
1137.55,0
1138,0
1138.46,0
1138.91,0
1139.37,0
1139.82,0
1140.28,0
1140.73,0
1141.18,0
1141.64,0
1142.09,0
1142.55,0
1143,0
1143.46,0
1143.91,0
1144.37,0
1144.82,0
1145.28,0
1145.73,0
1146.19,0
1146.64,0
1147.1,0
1147.55,0
1148.01,0
1148.46,0
1148.92,0
1149.38,0
1149.83,0
1150.29,0
1150.74,0
1151.2,0
1151.65,0
1152.11,0
1152.56,0
1153.02,0
1153.47,0
1153.93,0
1154.39,0
1154.84,0
1155.3,0
1155.75,0
1156.21,0
1156.67,0
1157.12,0
1157.58,0
1158.03,0
1158.49,0
1158.95,0
1159.4,0
1159.86,0
1160.32,0
1160.77,0
1161.23,0
1161.68,0
1162.14,0
1162.6,0
1163.05,0
1163.51,0
1163.97,0
1164.42,0
1164.88,0
1165.34,0
1165.79,0
1166.25,0
1166.71,0
1167.16,0
1167.62,0
1168.08,0
1168.53,0
1168.99,0
1169.45,0
1169.91,0
1170.36,0
1170.82,0
1171.28,0
1171.73,0
1172.19,0
1172.65,0
1173.11,0
1173.56,0
1174.02,0
1174.48,0
1174.94,0
1175.39,0
1175.85,0
1176.31,0
1176.77,0
1177.22,0
1177.68,0
1178.14,0
1178.6,0
1179.06,0
1179.51,0
1179.97,0
1180.43,0
1180.89,0
1181.34,0
1181.8,0
1182.26,0
1182.72,0
1183.18,0
1183.64,0
1184.09,0
1184.55,0
1185.01,0
1185.47,0
1185.93,0
1186.39,0
1186.84,0
1187.3,0
1187.76,0
1188.22,0
1188.68,0
1189.14,0
1189.6,0
1190.05,0
1190.51,0
1190.97,0
1191.43,0
1191.89,0
1192.35,0
1192.81,0
1193.27,0
1193.73,0
1194.19,0
1194.64,0
1195.1,0
1195.56,0
1196.02,0
1196.48,0
1196.94,0
1197.4,0
1197.86,0
1198.32,0
1198.78,0
1199.24,0
1199.7,0
1200.16,0
1200.62,0
1201.08,0
1201.54,0
1202,0
1202.46,0
1202.92,0
1203.38,0
1203.83,0
1204.29,0
1204.75,0
1205.21,0
1205.67,0
1206.13,0
1206.6,0
1207.06,0
1207.52,0
1207.98,0
1208.44,0
1208.9,0
1209.36,0
1209.82,0
1210.28,0
1210.74,0
1211.2,0
1211.66,0
1212.12,0
1212.58,0
1213.04,0
1213.5,0
1213.96,0
1214.42,0
1214.88,0
1215.34,0
1215.81,0
1216.27,0
1216.73,0
1217.19,0
1217.65,0
1218.11,0
1218.57,0
1219.03,0
1219.49,0
1219.96,0
1220.42,0
1220.88,0
1221.34,0
1221.8,0
1222.26,0
1222.72,0
1223.19,0
1223.65,0
1224.11,0
1224.57,0
1225.03,0
1225.49,0
1225.95,0
1226.42,0
1226.88,0
1227.34,0
1227.8,0
1228.26,0
1228.73,0
1229.19,0
1229.65,0
1230.11,0
1230.57,0
1231.04,0
1231.5,0
1231.96,0
1232.42,0
1232.89,0
1233.35,0
1233.81,0
1234.27,0
1234.73,0
1235.2,0
1235.66,0
1236.12,0
1236.59,0
1237.05,0
1237.51,0
1237.97,0
1238.44,0
1238.9,0
1239.36,0
1239.82,0
1240.29,0
1240.75,0
1241.21,0
1241.68,0
1242.14,0
1242.6,0
1243.07,0
1243.53,0
1243.99,0
1244.46,0
1244.92,0
1245.38,0
1245.85,0
1246.31,0
1246.77,0
1247.24,0
1247.7,0
1248.16,0
1248.63,0
1249.09,0
1249.55,0
1250.02,0
1250.48,0
1250.94,0
1251.41,0
1251.87,0
1252.34,0
1252.8,0
1253.26,0
1253.73,0
1254.19,0
1254.66,0
1255.12,0
1255.58,0
1256.05,0
1256.51,0
1256.98,0
1257.44,0
1257.91,0
1258.37,0
1258.84,0
1259.3,0
1259.76,0
1260.23,0
1260.69,0
1261.16,0
1261.62,0
1262.09,0
1262.55,0
1263.02,0
1263.48,0
1263.95,0
1264.41,0
1264.88,0
1265.34,0
1265.81,0
1266.27,0
1266.74,0
1267.2,0
1267.67,0
1268.13,0
1268.6,0
1269.06,0
1269.53,0
1269.99,0
1270.46,0
1270.92,0
1271.39,0
1271.86,0
1272.32,0
1272.79,0
1273.25,0
1273.72,0
1274.18,0
1274.65,0
1275.11,0
1275.58,0
1276.05,0
1276.51,0
1276.98,0
1277.44,0
1277.91,0
1278.38,0
1278.84,0
1279.31,0
1279.77,0
1280.24,0
1280.71,0
1281.17,0
1281.64,0
1282.11,0
1282.57,0
1283.04,0
1283.51,0
1283.97,0
1284.44,0
1284.9,0
1285.37,0
1285.84,0
1286.3,0
1286.77,0
1287.24,0
1287.71,0
1288.17,0
1288.64,0
1289.11,0
1289.57,0
1290.04,0
1290.51,0
1290.97,0
1291.44,0
1291.91,0
1292.38,0
1292.84,0
1293.31,0
1293.78,0
1294.24,0
1294.71,0
1295.18,0
1295.65,0
1296.11,0
1296.58,0
1297.05,0
1297.52,0
1297.98,0
1298.45,0
1298.92,0
1299.39,0
1299.86,0
1300.32,0
1300.79,0
1301.26,0
1301.73,0
1302.2,0
1302.66,0
1303.13,0
1303.6,0
1304.07,0
1304.54,0
1305,0
1305.47,0
1305.94,0
1306.41,0
1306.88,0
1307.35,0
1307.81,0
1308.28,0
1308.75,0
1309.22,0
1309.69,0
1310.16,0
1310.63,0
1311.09,0
1311.56,0
1312.03,0
1312.5,0
1312.97,0
1313.44,0
1313.91,0
1314.38,0
1314.85,0
1315.31,0
1315.78,0
1316.25,0
1316.72,0
1317.19,0
1317.66,0
1318.13,0
1318.6,0
1319.07,0
1319.54,0
1320.01,0
1320.48,0
1320.95,0
1321.42,0
1321.89,0
1322.35,0
1322.82,0
1323.29,0
1323.76,0
1324.23,0
1324.7,0
1325.17,0
1325.64,0
1326.11,0
1326.58,0
1327.05,0
1327.52,0
1327.99,0
1328.46,0
1328.93,0
1329.4,0
1329.87,0
1330.34,0
1330.81,0
1331.29,0
1331.76,0
1332.23,0
1332.7,0
1333.17,0
1333.64,0
1334.11,0
1334.58,0
1335.05,0
1335.52,0
1335.99,0
1336.46,0
1336.93,0
1337.4,0
1337.87,0
1338.35,0
1338.82,0
1339.29,0
1339.76,0
1340.23,0
1340.7,0
1341.17,0
1341.64,0
1342.11,0
1342.59,0
1343.06,0
1343.53,0
1344,0
1344.47,0
1344.94,0
1345.41,0
1345.89,0
1346.36,0
1346.83,0
1347.3,0
1347.77,0
1348.24,0
1348.72,0
1349.19,0
1349.66,0
1350.13,0
1350.6,0
1351.07,0
1351.55,0
1352.02,0
1352.49,0
1352.96,0
1353.44,0
1353.91,0
1354.38,0
1354.85,0
1355.32,0
1355.8,0
1356.27,0
1356.74,0
1357.21,0
1357.69,0
1358.16,0
1358.63,0
1359.1,0
1359.58,0
1360.05,0
1360.52,0
1360.99,0
1361.47,0
1361.94,0
1362.41,0
1362.89,0
1363.36,0
1363.83,0
1364.31,0
1364.78,0
1365.25,0
1365.72,0
1366.2,0
1366.67,0
1367.14,0
1367.62,0
1368.09,0
1368.56,0
1369.04,0
1369.51,0
1369.98,0
1370.46,0
1370.93,0
1371.41,0
1371.88,0
1372.35,0
1372.83,0
1373.3,0
1373.77,0
1374.25,0
1374.72,0
1375.2,0
1375.67,0
1376.14,0
1376.62,0
1377.09,0
1377.57,0
1378.04,0
1378.51,0
1378.99,0
1379.46,0
1379.94,0
1380.41,0
1380.89,0
1381.36,0
1381.83,0
1382.31,0
1382.78,0
1383.26,0
1383.73,0
1384.21,0
1384.68,0
1385.16,0
1385.63,0
1386.11,0
1386.58,0
1387.06,0
1387.53,0
1388.01,0
1388.48,0
1388.96,0
1389.43,0
1389.91,0
1390.38,0
1390.86,0
1391.33,0
1391.81,0
1392.28,0
1392.76,0
1393.23,0
1393.71,0
1394.18,0
1394.66,0
1395.13,0
1395.61,0
1396.09,0
1396.56,0
1397.04,0
1397.51,0
1397.99,0
1398.46,0
1398.94,0
1399.42,0
1399.89,0
1400.37,0
1400.84,0
1401.32,0
1401.8,0
1402.27,0
1402.75,0
1403.22,0
1403.7,0
1404.18,0
1404.65,0
1405.13,0
1405.6,0
1406.08,0
1406.56,0
1407.03,0
1407.51,0
1407.99,0
1408.46,0
1408.94,0
1409.42,0
1409.89,0
1410.37,0
1410.85,0
1411.32,0
1411.8,0
1412.28,0
1412.75,0
1413.23,0
1413.71,0
1414.19,0
1414.66,0
1415.14,0
1415.62,0
1416.09,0
1416.57,0
1417.05,0
1417.53,0
1418,0
1418.48,0
1418.96,0
1419.44,0
1419.91,0
1420.39,0
1420.87,0
1421.35,0
1421.82,0
1422.3,0
1422.78,0
1423.26,0
1423.73,0
1424.21,0
1424.69,0
1425.17,0
1425.65,0
1426.12,0
1426.6,0
1427.08,0
1427.56,0
1428.04,0
1428.51,0
1428.99,0
1429.47,0
1429.95,0
1430.43,0
1430.91,0
1431.38,0
1431.86,0
1432.34,0
1432.82,0
1433.3,0
1433.78,0
1434.26,0
1434.73,0
1435.21,0
1435.69,0
1436.17,0
1436.65,0
1437.13,0
1437.61,0
1438.09,0
1438.57,0
1439.04,0
1439.52,0
1440,0
1440.48,0
1440.96,0
1441.44,0
1441.92,0
1442.4,0
1442.88,0
1443.36,0
1443.84,0
1444.32,0
1444.8,0
1445.28,0
1445.75,0
1446.23,0
1446.71,0
1447.19,0
1447.67,0
1448.15,0
1448.63,0
1449.11,0
1449.59,0
1450.07,0
1450.55,0
1451.03,0
1451.51,0
1451.99,0
1452.47,0
1452.95,0
1453.43,0
1453.91,0
1454.39,0
1454.87,0
1455.35,0
1455.83,0
1456.31,0
1456.8,0
1457.28,0
1457.76,0
1458.24,0
1458.72,0
1459.2,0
1459.68,0
1460.16,0
1460.64,0
1461.12,0
1461.6,0
1462.08,0
1462.56,0
1463.04,0
1463.53,0
1464.01,0
1464.49,0
1464.97,0
1465.45,0
1465.93,0
1466.41,0
1466.89,0
1467.37,0
1467.86,0
1468.34,0
1468.82,0
1469.3,0
1469.78,0
1470.26,0
1470.74,0
1471.23,0
1471.71,0
1472.19,0
1472.67,0
1473.15,0
1473.63,0
1474.12,0
1474.6,0
1475.08,0
1475.56,0
1476.04,0
1476.53,0
1477.01,0
1477.49,0
1477.97,0
1478.45,0
1478.94,0
1479.42,0
1479.9,0
1480.38,0
1480.87,0
1481.35,0
1481.83,0
1482.31,0
1482.8,0
1483.28,0
1483.76,0
1484.24,0
1484.73,0
1485.21,0
1485.69,0
1486.17,0
1486.66,0
1487.14,0
1487.62,0
1488.11,0
1488.59,0
1489.07,0
1489.55,0
1490.04,0
1490.52,0
1491,0
1491.49,0
1491.97,0
1492.45,0
1492.94,0
1493.42,0
1493.9,0
1494.39,0
1494.87,0
1495.35,0
1495.84,0
1496.32,0
1496.8,0
1497.29,0
1497.77,0
1498.26,0
1498.74,0
1499.22,0
1499.71,0
1500.19,0
1500.67,0
1501.16,0
1501.64,0
1502.13,0
1502.61,0
1503.09,0
1503.58,0
1504.06,0
1504.55,0
1505.03,0
1505.52,0
1506,0
1506.48,0
1506.97,0
1507.45,0
1507.94,0
1508.42,0
1508.91,0
1509.39,0
1509.88,0
1510.36,0
1510.85,0
1511.33,0
1511.82,0
1512.3,0
1512.78,0
1513.27,0
1513.75,0
1514.24,0
1514.72,0
1515.21,0
1515.69,0
1516.18,0
1516.67,0
1517.15,0
1517.64,0
1518.12,0
1518.61,0
1519.09,0
1519.58,0
1520.06,0
1520.55,0
1521.03,0
1521.52,0
1522,0
1522.49,0
1522.98,0
1523.46,0
1523.95,0
1524.43,0
1524.92,0
1525.4,0
1525.89,0
1526.38,0
1526.86,0
1527.35,0
1527.83,0
1528.32,0
1528.81,0
1529.29,0
1529.78,0
1530.27,0
1530.75,0
1531.24,0
1531.72,0
1532.21,0
1532.7,0
1533.18,0
1533.67,0
1534.16,0
1534.64,0
1535.13,0
1535.62,0
1536.1,0
1536.59,0
1537.08,0
1537.56,0
1538.05,0
1538.54,0
1539.02,0
1539.51,0
1540,0
1540.49,0
1540.97,0
1541.46,0
1541.95,0
1542.43,0
1542.92,0
1543.41,0
1543.9,0
1544.38,0
1544.87,0
1545.36,0
1545.85,0
1546.33,0
1546.82,0
1547.31,0
1547.8,0
1548.28,0
1548.77,0
1549.26,0
1549.75,0
1550.23,0
1550.72,0
1551.21,0
1551.7,0
1552.19,0
1552.67,0
1553.16,0
1553.65,0
1554.14,0
1554.63,0
1555.11,0
1555.6,0
1556.09,0
1556.58,0
1557.07,0
1557.56,0
1558.04,0
1558.53,0
1559.02,0
1559.51,0
1560,0
1560.49,0
1560.98,0
1561.46,0
1561.95,0
1562.44,0
1562.93,0
1563.42,0
1563.91,0
1564.4,0
1564.89,0
1565.38,0
1565.86,0
1566.35,0
1566.84,0
1567.33,0
1567.82,0
1568.31,0
1568.8,0
1569.29,0
1569.78,0
1570.27,0
1570.76,0
1571.25,0
1571.74,0
1572.22,0
1572.71,0
1573.2,0
1573.69,0
1574.18,0
1574.67,0
1575.16,0
1575.65,0
1576.14,0
1576.63,0
1577.12,0
1577.61,0
1578.1,0
1578.59,0
1579.08,0
1579.57,0
1580.06,0
1580.55,0
1581.04,0
1581.53,0
1582.02,0
1582.51,0
1583,0
1583.49,0
1583.98,0
1584.48,0
1584.97,0
1585.46,0
1585.95,0
1586.44,0
1586.93,0
1587.42,0
1587.91,0
1588.4,0
1588.89,0
1589.38,0
1589.87,0
1590.36,0
1590.85,0
1591.35,0
1591.84,0
1592.33,0
1592.82,0
1593.31,0
1593.8,0
1594.29,0
1594.78,0
1595.28,0
1595.77,0
1596.26,0
1596.75,0
1597.24,0
1597.73,0
1598.22,0
1598.72,0
1599.21,0
1599.7,0
1600.19,0
1600.68,0
1601.17,0
1601.67,0
1602.16,0
1602.65,0
1603.14,0
1603.63,0
1604.13,0
1604.62,0
1605.11,0
1605.6,0
1606.09,0
1606.59,0
1607.08,0
1607.57,0
1608.06,0
1608.56,0
1609.05,0
1609.54,0
1610.03,0
1610.53,0
1611.02,0
1611.51,0
1612,0
1612.5,0
1612.99,0
1613.48,0
1613.97,0
1614.47,0
1614.96,0
1615.45,0
1615.95,0
1616.44,0
1616.93,0
1617.42,0
1617.92,0
1618.41,0
1618.9,0
1619.4,0
1619.89,0
1620.38,0
1620.88,0
1621.37,0
1621.86,0
1622.36,0
1622.85,0
1623.34,0
1623.84,0
1624.33,0
1624.82,0
1625.32,0
1625.81,0
1626.31,0
1626.8,0
1627.29,0
1627.79,0
1628.28,0
1628.77,0
1629.27,0
1629.76,0
1630.26,0
1630.75,0
1631.24,0
1631.74,0
1632.23,0
1632.73,0
1633.22,1
1633.72,0
1634.21,0
1634.7,0
1635.2,0
1635.69,0
1636.19,0
1636.68,0
1637.18,0
1637.67,0
1638.17,0
1638.66,0
1639.16,0
1639.65,0
1640.15,0
1640.64,0
1641.13,0
1641.63,0
1642.12,0
1642.62,0
1643.11,0
1643.61,0
1644.1,0
1644.6,0
1645.1,0
1645.59,0
1646.09,0
1646.58,0
1647.08,0
1647.57,0
1648.07,0
1648.56,0
1649.06,0
1649.55,0
1650.05,0
1650.54,0
1651.04,0
1651.54,0
1652.03,0
1652.53,0
1653.02,0
1653.52,0
1654.01,0
1654.51,0
1655.01,0
1655.5,0
1656,0
1656.49,0
1656.99,0
1657.49,0
1657.98,0
1658.48,0
1658.98,0
1659.47,0
1659.97,0
1660.46,0
1660.96,0
1661.46,0
1661.95,0
1662.45,0
1662.95,0
1663.44,0
1663.94,0
1664.44,0
1664.93,0
1665.43,0
1665.93,0
1666.42,0
1666.92,0
1667.42,0
1667.91,0
1668.41,0
1668.91,0
1669.41,0
1669.9,0
1670.4,0
1670.9,0
1671.39,0
1671.89,0
1672.39,0
1672.89,0
1673.38,0
1673.88,0
1674.38,0
1674.88,0
1675.37,0
1675.87,0
1676.37,0
1676.87,0
1677.36,0
1677.86,0
1678.36,0
1678.86,0
1679.35,0
1679.85,0
1680.35,0
1680.85,0
1681.35,0
1681.84,0
1682.34,0
1682.84,0
1683.34,0
1683.84,0
1684.33,0
1684.83,0
1685.33,0
1685.83,0
1686.33,0
1686.83,0
1687.32,0
1687.82,0
1688.32,0
1688.82,0
1689.32,0
1689.82,0
1690.32,0
1690.81,0
1691.31,0
1691.81,0
1692.31,0
1692.81,0
1693.31,0
1693.81,0
1694.31,0
1694.81,0
1695.3,0
1695.8,0
1696.3,0
1696.8,0
1697.3,0
1697.8,0
1698.3,0
1698.8,0
1699.3,0
1699.8,0
1700.3,0
1700.8,0
1701.3,0
1701.8,0
1702.29,0
1702.79,0
1703.29,0
1703.79,0
1704.29,0
1704.79,0
1705.29,0
1705.79,0
1706.29,0
1706.79,0
1707.29,0
1707.79,0
1708.29,0
1708.79,0
1709.29,0
1709.79,0
1710.29,0
1710.79,0
1711.29,0
1711.79,0
1712.29,0
1712.79,0
1713.29,0
1713.8,0
1714.3,0
1714.8,0
1715.3,0
1715.8,0
1716.3,0
1716.8,0
1717.3,0
1717.8,0
1718.3,0
1718.8,0
1719.3,0
1719.8,0
1720.3,0
1720.81,0
1721.31,0
1721.81,0
1722.31,0
1722.81,0
1723.31,0
1723.81,0
1724.31,0
1724.81,0
1725.32,0
1725.82,0
1726.32,0
1726.82,0
1727.32,0
1727.82,0
1728.32,0
1728.83,0
1729.33,0
1729.83,0
1730.33,0
1730.83,0
1731.33,0
1731.84,0
1732.34,0
1732.84,0
1733.34,0
1733.84,0
1734.35,0
1734.85,0
1735.35,0
1735.85,0
1736.35,0
1736.86,0
1737.36,0
1737.86,0
1738.36,0
1738.87,0
1739.37,0
1739.87,0
1740.37,0
1740.88,0
1741.38,0
1741.88,0
1742.38,0
1742.89,0
1743.39,0
1743.89,0
1744.39,0
1744.9,0
1745.4,0
1745.9,0
1746.41,0
1746.91,0
1747.41,0
1747.91,0
1748.42,0
1748.92,0
1749.42,0
1749.93,0

